period,zodiac,zodiac_name,special_number,openCode,wu_xing,color,openTime
2023004,7,鼠,40,"39,36,28,49,12,24,40",火,红,2024-01-04 21:32:32
2024001,8,猪,6,"44,25,03,16,10,20,06",土,绿,2024-01-01 21:32:32
2024002,4,兔,26,"30,32,31,39,44,24,26",金,蓝,2024-01-02 21:32:32
2024003,9,狗,19,"42,40,30,05,14,45,19",火,红,2024-01-03 21:32:32
2024004,6,牛,40,"39,36,28,49,12,24,40",火,红,2024-01-04 21:32:32
2024005,9,狗,19,"01,44,16,22,38,32,19",火,红,2024-01-05 21:32:32
2024006,1,马,23,"13,35,31,01,05,06,23",水,红,2024-01-06 21:32:32
2024007,9,狗,19,"36,10,03,05,04,08,19",火,红,2024-01-07 21:32:32
2024008,10,鸡,20,"27,41,45,22,25,05,20",土,蓝,2024-01-08 21:32:32
2024009,8,猪,6,"11,17,12,15,22,07,06",土,绿,2024-01-09 21:32:32
2024010,2,蛇,36,"46,16,01,14,06,02,36",土,蓝,2024-01-10 21:32:32
2024011,9,狗,43,"45,14,09,24,29,32,43",金,绿,2024-01-11 21:32:32
2024012,12,羊,22,"05,21,24,12,15,41,22",水,绿,2024-01-12 21:32:32
2024013,8,猪,18,"26,34,38,08,17,24,18",火,红,2024-01-13 21:32:32
2024014,10,鸡,20,"43,32,14,17,26,37,20",土,蓝,2024-01-14 21:32:32
2024015,5,虎,39,"38,29,32,18,20,33,39",水,绿,2024-01-15 21:32:32
2024016,7,鼠,17,"41,32,25,07,46,27,17",木,绿,2024-01-16 21:32:32
2024017,1,马,23,"49,31,03,39,18,41,23",水,红,2024-01-17 21:32:32
2024018,1,马,47,"03,04,29,44,27,35,47",木,蓝,2024-01-18 21:32:32
2024019,7,鼠,17,"34,23,19,22,45,27,17",木,绿,2024-01-19 21:32:32
2024020,7,鼠,29,"04,42,36,16,11,03,29",土,红,2024-01-20 21:32:32
2024021,1,马,35,"12,15,08,38,36,21,35",金,红,2024-01-21 21:32:32
2024022,7,鼠,41,"21,28,36,44,34,30,41",火,蓝,2024-01-22 21:32:32
2024023,10,鸡,20,"11,41,43,33,48,36,20",土,蓝,2024-01-23 21:32:32
2024024,3,龙,1,"49,41,35,30,03,31,01",水,红,2024-01-24 21:32:32
2024025,10,鸡,32,"23,27,21,34,14,10,32",火,绿,2024-01-25 21:32:32
2024026,8,猪,30,"18,03,36,06,34,14,30",水,红,2024-01-26 21:32:32
2024027,6,牛,28,"06,23,07,31,18,47,28",土,绿,2024-01-27 21:32:32
2024028,11,猴,9,"13,44,05,28,30,32,09",木,蓝,2024-01-28 21:32:32
2024029,6,牛,16,"19,09,26,30,35,27,16",木,绿,2024-01-29 21:32:32
2024030,5,虎,3,"21,27,22,36,23,08,03",火,蓝,2024-01-30 21:32:32
2024031,9,狗,7,"12,40,31,48,26,15,07",土,红,2024-01-31 21:32:32
2024032,6,牛,40,"35,22,27,46,03,23,40",火,红,2024-02-01 21:32:32
2024033,8,猪,30,"48,44,45,26,29,25,30",水,红,2024-02-02 21:32:32
2024034,1,马,11,"03,49,42,44,45,48,11",火,绿,2024-02-03 21:32:32
2024035,10,鸡,44,"12,48,38,15,20,18,44",水,绿,2024-02-04 21:32:32
2024036,7,鼠,29,"16,41,38,14,25,48,29",土,红,2024-02-05 21:32:32
2024037,12,羊,10,"18,42,20,39,49,04,10",火,蓝,2024-02-06 21:32:32
2024038,8,猪,6,"31,46,03,38,27,26,06",土,绿,2024-02-07 21:32:32
2024039,9,狗,19,"41,17,14,08,10,27,19",火,红,2024-02-08 21:32:32
2024040,6,牛,40,"09,03,25,38,32,42,40",火,红,2024-02-09 21:32:32
2024041,7,鼠,41,"45,04,19,12,06,27,41",火,蓝,2024-02-10 21:32:32
2024042,5,虎,15,"19,02,11,10,17,48,15",水,蓝,2024-02-11 21:32:32
2024043,8,猪,42,"16,01,29,39,37,07,42",金,蓝,2024-02-12 21:32:32
2024044,4,兔,2,"43,05,16,34,30,38,02",火,红,2024-02-13 21:32:32
2024045,6,牛,28,"17,09,22,40,37,13,28",土,绿,2024-02-14 21:32:32
2024046,4,兔,2,"43,48,49,31,13,40,02",火,红,2024-02-15 21:32:32
2024047,11,猴,9,"14,29,36,10,13,33,09",木,蓝,2024-02-16 21:32:32
2024048,8,猪,30,"49,09,13,22,42,05,30",水,红,2024-02-17 21:32:32
2024049,1,马,35,"31,28,44,29,40,36,35",金,红,2024-02-18 21:32:32
2024050,5,虎,39,"03,47,42,44,05,37,39",水,绿,2024-02-19 21:32:32
2024051,2,蛇,12,"08,36,43,06,29,35,12",金,红,2024-02-20 21:32:32
2024052,11,猴,9,"34,47,36,29,48,02,09",木,蓝,2024-02-21 21:32:32
2024053,3,龙,25,"10,15,24,47,40,33,25",木,蓝,2024-02-22 21:32:32
2024054,11,猴,9,"42,14,35,29,15,05,09",木,蓝,2024-02-23 21:32:32
2024055,9,狗,31,"40,48,22,47,16,18,31",水,蓝,2024-02-24 21:32:32
2024056,1,马,23,"37,42,05,17,12,02,23",水,红,2024-02-25 21:32:32
2024057,12,羊,46,"23,31,07,32,47,26,46",木,红,2024-02-26 21:32:32
2024058,1,马,11,"13,25,28,40,49,43,11",火,绿,2024-02-27 21:32:32
2024059,8,猪,30,"15,25,09,43,49,46,30",水,红,2024-02-28 21:32:32
2024060,10,鸡,44,"43,45,31,16,27,38,44",水,绿,2024-02-29 21:32:32
2024061,11,猴,33,"20,44,13,37,05,26,33",火,绿,2024-03-01 21:32:32
2024062,3,龙,49,"43,13,15,37,03,45,49",火,绿,2024-03-02 21:32:32
2024063,9,狗,31,"43,25,36,24,18,32,31",水,蓝,2024-03-03 21:32:32
2024064,12,羊,46,"25,05,37,36,40,02,46",木,红,2024-03-04 21:32:32
2024065,6,牛,4,"18,02,21,16,26,43,04",金,蓝,2024-03-05 21:32:32
2024066,8,猪,42,"43,47,04,05,37,16,42",金,蓝,2024-03-06 21:32:32
2024067,12,羊,34,"30,44,23,42,31,01,34",金,红,2024-03-07 21:32:32
2024068,10,鸡,20,"23,38,21,18,44,39,20",土,蓝,2024-03-08 21:32:32
2024069,10,鸡,8,"41,40,38,03,19,07,08",木,红,2024-03-09 21:32:32
2024070,8,猪,6,"27,12,09,33,34,14,06",土,绿,2024-03-10 21:32:32
2024071,5,虎,3,"48,06,23,29,02,04,03",火,蓝,2024-03-11 21:32:32
2024072,9,狗,19,"27,13,10,44,45,49,19",火,红,2024-03-12 21:32:32
2024073,12,羊,34,"13,41,07,31,26,27,34",金,红,2024-03-13 21:32:32
2024074,6,牛,16,"19,33,02,31,49,41,16",木,绿,2024-03-14 21:32:32
2024075,6,牛,16,"22,26,03,19,44,38,16",木,绿,2024-03-15 21:32:32
2024076,7,鼠,17,"23,44,15,06,12,27,17",木,绿,2024-03-16 21:32:32
2024077,10,鸡,32,"09,45,43,41,49,04,32",火,绿,2024-03-17 21:32:32
2024078,7,鼠,5,"07,11,44,13,42,27,05",金,绿,2024-03-18 21:32:32
2024079,10,鸡,44,"15,19,42,48,02,34,44",水,绿,2024-03-19 21:32:32
2024080,4,兔,38,"39,16,42,11,46,03,38",水,绿,2024-03-20 21:32:32
2024081,3,龙,13,"07,05,22,23,21,36,13",水,红,2024-03-21 21:32:32
2024082,12,羊,22,"27,35,33,01,12,19,22",水,绿,2024-03-22 21:32:32
2024083,12,羊,22,"38,32,35,25,48,19,22",水,绿,2024-03-23 21:32:32
2024084,7,鼠,5,"25,09,15,13,23,32,05",金,绿,2024-03-24 21:32:32
2024085,1,马,35,"13,17,47,01,38,12,35",金,红,2024-03-25 21:32:32
2024086,1,马,11,"02,10,29,31,28,25,11",火,绿,2024-03-26 21:32:32
2024087,8,猪,6,"02,21,29,46,43,13,06",土,绿,2024-03-27 21:32:32
2024088,3,龙,37,"20,48,46,19,18,06,37",土,蓝,2024-03-28 21:32:32
2024089,3,龙,13,"24,12,21,18,16,36,13",水,红,2024-03-29 21:32:32
2024090,11,猴,45,"35,37,49,41,11,06,45",水,红,2024-03-30 21:32:32
2024091,12,羊,34,"02,30,17,28,35,49,34",金,红,2024-03-31 21:32:32
2024092,2,蛇,24,"18,15,33,44,31,20,24",木,红,2024-04-01 21:32:32
2024093,7,鼠,41,"38,10,42,47,03,04,41",火,蓝,2024-04-02 21:32:32
2024094,11,猴,33,"26,31,35,36,10,44,33",火,绿,2024-04-03 21:32:32
2024095,2,蛇,48,"30,19,38,01,17,46,48",火,蓝,2024-04-04 21:32:32
2024096,7,鼠,5,"41,27,28,07,30,31,05",金,绿,2024-04-05 21:32:32
2024097,12,羊,10,"25,39,13,11,46,30,10",火,蓝,2024-04-06 21:32:32
2024098,12,羊,46,"25,15,43,21,06,31,46",木,红,2024-04-07 21:32:32
2024099,6,牛,28,"02,18,11,26,23,44,28",土,绿,2024-04-08 21:32:32
2024100,7,鼠,17,"05,38,35,32,24,06,17",木,绿,2024-04-09 21:32:32
2024101,11,猴,21,"29,07,45,06,26,27,21",土,绿,2024-04-10 21:32:32
2024102,9,狗,19,"36,41,18,08,07,10,19",火,红,2024-04-11 21:32:32
2024103,7,鼠,5,"36,19,33,09,20,03,05",金,绿,2024-04-12 21:32:32
2024104,1,马,35,"17,15,42,39,32,24,35",金,红,2024-04-13 21:32:32
2024105,3,龙,49,"19,07,14,10,30,16,49",火,绿,2024-04-14 21:32:32
2024106,6,牛,16,"25,46,49,47,01,36,16",木,绿,2024-04-15 21:32:32
2024107,12,羊,46,"26,21,04,12,16,45,46",木,红,2024-04-16 21:32:32
2024108,12,羊,46,"17,23,21,05,47,41,46",木,红,2024-04-17 21:32:32
2024109,9,狗,43,"22,41,30,40,02,25,43",金,绿,2024-04-18 21:32:32
2024110,2,蛇,48,"21,34,10,35,24,06,48",火,蓝,2024-04-19 21:32:32
2024111,9,狗,43,"18,01,40,16,37,34,43",金,绿,2024-04-20 21:32:32
2024112,9,狗,43,"35,44,48,29,45,36,43",金,绿,2024-04-21 21:32:32
2024113,2,蛇,24,"39,37,48,49,05,19,24",木,红,2024-04-22 21:32:32
2024114,8,猪,18,"34,07,43,19,39,01,18",火,红,2024-04-23 21:32:32
2024115,7,鼠,29,"23,46,10,44,20,33,29",土,红,2024-04-24 21:32:32
2024116,12,羊,10,"02,11,15,12,20,08,10",火,蓝,2024-04-25 21:32:32
2024117,3,龙,25,"43,09,14,29,19,45,25",木,蓝,2024-04-26 21:32:32
2024118,11,猴,21,"41,26,40,43,46,49,21",土,绿,2024-04-27 21:32:32
2024119,10,鸡,32,"09,16,20,02,27,40,32",火,绿,2024-04-28 21:32:32
2024120,7,鼠,29,"21,10,05,32,25,22,29",土,红,2024-04-29 21:32:32
2024121,4,兔,2,"15,24,08,43,33,47,02",火,红,2024-04-30 21:32:32
2024122,2,蛇,36,"25,10,02,20,40,15,36",土,蓝,2024-05-01 21:32:32
2024123,11,猴,21,"09,07,19,11,10,31,21",土,绿,2024-05-02 21:32:32
2024124,12,羊,22,"24,36,10,02,44,34,22",水,绿,2024-05-03 21:32:32
2024125,2,蛇,12,"19,17,09,26,15,35,12",金,红,2024-05-04 21:32:32
2024126,9,狗,7,"20,44,33,45,23,14,07",土,红,2024-05-05 21:32:32
2024127,2,蛇,48,"19,41,45,30,34,15,48",火,蓝,2024-05-06 21:32:32
2024128,4,兔,2,"05,24,12,45,14,25,02",火,红,2024-05-07 21:32:32
2024129,3,龙,49,"19,08,28,21,47,33,49",火,绿,2024-05-08 21:32:32
2024130,7,鼠,17,"13,01,32,47,21,31,17",木,绿,2024-05-09 21:32:32
2024131,6,牛,4,"23,31,12,27,05,43,04",金,蓝,2024-05-10 21:32:32
2024132,3,龙,37,"25,46,06,18,39,44,37",土,蓝,2024-05-11 21:32:32
2024133,9,狗,19,"08,09,14,03,23,04,19",火,红,2024-05-12 21:32:32
2024134,9,狗,7,"34,05,49,23,38,31,07",土,红,2024-05-13 21:32:32
2024135,12,羊,46,"03,17,44,34,47,40,46",木,红,2024-05-14 21:32:32
2024136,10,鸡,44,"31,09,47,26,36,10,44",水,绿,2024-05-15 21:32:32
2024137,6,牛,16,"20,42,15,26,01,10,16",木,绿,2024-05-16 21:32:32
2024138,4,兔,14,"06,20,18,26,19,05,14",火,蓝,2024-05-17 21:32:32
2024139,4,兔,14,"26,43,10,12,25,46,14",火,蓝,2024-05-18 21:32:32
2024140,1,马,35,"05,13,30,36,23,07,35",金,红,2024-05-19 21:32:32
2024141,9,狗,43,"23,05,19,06,28,46,43",金,绿,2024-05-20 21:32:32
2024142,5,虎,27,"05,02,23,35,31,22,27",金,绿,2024-05-21 21:32:32
2024143,2,蛇,12,"31,34,42,35,38,28,12",金,红,2024-05-22 21:32:32
2024144,6,牛,16,"10,09,02,17,28,05,16",木,绿,2024-05-23 21:32:32
2024145,4,兔,2,"45,29,27,23,11,38,02",火,红,2024-05-24 21:32:32
2024146,9,狗,43,"03,15,08,28,38,40,43",金,绿,2024-05-25 21:32:32
2024147,4,兔,2,"21,33,06,17,38,35,02",火,红,2024-05-26 21:32:32
2024148,5,虎,27,"10,15,45,23,49,09,27",金,绿,2024-05-27 21:32:32
2024149,12,羊,22,"12,32,45,46,01,06,22",水,绿,2024-05-28 21:32:32
2024150,11,猴,33,"24,16,45,27,40,15,33",火,绿,2024-05-29 21:32:32
2024151,2,蛇,48,"12,41,09,05,44,26,48",火,蓝,2024-05-30 21:32:32
2024152,11,猴,21,"16,35,18,30,15,40,21",土,绿,2024-05-31 21:32:32
2024153,10,鸡,32,"34,28,08,27,06,16,32",火,绿,2024-06-01 21:32:32
2024154,12,羊,46,"14,08,34,28,36,26,46",木,红,2024-06-02 21:32:32
2024155,10,鸡,44,"40,29,23,47,07,32,44",水,绿,2024-06-03 21:32:32
2024156,8,猪,42,"38,44,06,12,26,25,42",金,蓝,2024-06-04 21:32:32
2024157,11,猴,45,"11,13,47,29,41,48,45",水,红,2024-06-05 21:32:32
2024158,10,鸡,20,"47,12,06,27,42,05,20",土,蓝,2024-06-06 21:32:32
2024159,9,狗,43,"29,07,44,49,06,01,43",金,绿,2024-06-07 21:32:32
2024160,5,虎,27,"48,15,36,49,32,03,27",金,绿,2024-06-08 21:32:32
2024161,1,马,35,"20,23,19,41,47,11,35",金,红,2024-06-09 21:32:32
2024162,3,龙,1,"11,25,06,44,05,13,01",水,红,2024-06-10 21:32:32
2024163,6,牛,40,"20,31,25,42,27,01,40",火,红,2024-06-11 21:32:32
2024164,10,鸡,44,"20,07,42,32,19,24,44",水,绿,2024-06-12 21:32:32
2024165,5,虎,3,"40,17,26,37,41,29,03",火,蓝,2024-06-13 21:32:32
2024166,10,鸡,32,"07,12,15,33,29,43,32",火,绿,2024-06-14 21:32:32
2024167,4,兔,14,"32,02,29,11,34,49,14",火,蓝,2024-06-15 21:32:32
2024168,4,兔,14,"11,32,02,34,44,10,14",火,蓝,2024-06-16 21:32:32
2024169,11,猴,45,"22,03,15,09,16,40,45",水,红,2024-06-17 21:32:32
2024170,12,羊,10,"12,43,34,28,01,08,10",火,蓝,2024-06-18 21:32:32
2024171,6,牛,16,"19,33,42,43,13,08,16",木,绿,2024-06-19 21:32:32
2024172,10,鸡,32,"10,20,07,30,29,05,32",火,绿,2024-06-20 21:32:32
2024173,3,龙,49,"11,10,47,41,17,09,49",火,绿,2024-06-21 21:32:32
2024174,2,蛇,48,"12,31,02,45,47,43,48",火,蓝,2024-06-22 21:32:32
2024175,6,牛,40,"30,04,13,14,06,16,40",火,红,2024-06-23 21:32:32
2024176,5,虎,3,"28,36,15,30,12,01,03",火,蓝,2024-06-24 21:32:32
2024177,1,马,11,"49,12,17,48,05,36,11",火,绿,2024-06-25 21:32:32
2024178,10,鸡,20,"45,44,12,15,11,49,20",土,蓝,2024-06-26 21:32:32
2024179,3,龙,1,"23,40,25,12,16,35,01",水,红,2024-06-27 21:32:32
2024180,4,兔,2,"47,28,49,01,39,11,02",火,红,2024-06-28 21:32:32
2024181,5,虎,27,"49,45,46,23,37,11,27",金,绿,2024-06-29 21:32:32
2024182,5,虎,27,"09,20,15,30,10,05,27",金,绿,2024-06-30 21:32:32
2024183,3,龙,25,"33,49,15,26,02,11,25",木,蓝,2024-07-01 21:32:32
2024184,8,猪,42,"18,10,24,21,05,27,42",金,蓝,2024-07-02 21:32:32
2024185,8,猪,42,"38,44,06,12,26,25,42",金,蓝,2024-07-03 21:32:32
2024186,7,鼠,29,"42,15,38,23,17,43,29",土,红,2024-07-04 21:32:32
2024187,5,虎,39,"22,27,02,33,11,19,39",水,绿,2024-07-05 21:32:32
2024188,12,羊,46,"32,07,33,29,08,40,46",木,红,2024-07-06 21:32:32
2024189,9,狗,43,"42,27,32,26,03,20,43",金,绿,2024-07-07 21:32:32
2024190,7,鼠,41,"38,15,12,03,16,34,41",火,蓝,2024-07-08 21:32:32
2024191,5,虎,39,"11,02,48,19,38,22,39",水,绿,2024-07-09 21:32:32
2024192,9,狗,31,"02,20,03,21,27,10,31",水,蓝,2024-07-10 21:32:32
2024193,6,牛,4,"35,32,39,49,26,01,04",金,蓝,2024-07-11 21:32:32
2024194,7,鼠,5,"08,46,15,14,06,32,05",金,绿,2024-07-12 21:32:32
2024195,11,猴,21,"34,40,05,17,03,26,21",土,绿,2024-07-13 21:32:32
2024196,5,虎,39,"48,07,12,20,06,18,39",水,绿,2024-07-14 21:32:32
2024197,12,羊,10,"09,03,17,15,22,19,10",火,蓝,2024-07-15 21:32:32
2024198,6,牛,16,"08,19,44,22,23,43,16",木,绿,2024-07-16 21:32:32
2024199,5,虎,15,"20,04,35,36,45,08,15",水,蓝,2024-07-17 21:32:32
2024200,9,狗,43,"10,49,46,28,01,15,43",金,绿,2024-07-18 21:32:32
2024201,3,龙,25,"43,20,13,24,08,40,25",木,蓝,2024-07-19 21:32:32
2024202,9,狗,43,"33,04,23,11,19,29,43",金,绿,2024-07-20 21:32:32
2024203,11,猴,45,"11,31,12,20,09,48,45",水,红,2024-07-21 21:32:32
2024204,7,鼠,5,"27,30,03,34,31,04,05",金,绿,2024-07-22 21:32:32
2024205,6,牛,40,"10,25,30,16,07,42,40",火,红,2024-07-23 21:32:32
2024206,4,兔,14,"26,11,43,31,36,16,14",火,蓝,2024-07-24 21:32:32
2024207,8,猪,18,"15,24,47,01,05,11,18",火,红,2024-07-25 21:32:32
2024208,6,牛,4,"42,28,03,11,05,13,04",金,蓝,2024-07-26 21:32:32
2024209,11,猴,33,"21,46,05,29,39,12,33",火,绿,2024-07-27 21:32:32
2024210,9,狗,19,"33,25,24,07,14,26,19",火,红,2024-07-28 21:32:32
2024211,10,鸡,20,"32,45,09,27,12,43,20",土,蓝,2024-07-29 21:32:32
2024212,3,龙,49,"44,13,32,40,22,17,49",火,绿,2024-07-30 21:32:32
2024213,4,兔,38,"29,22,17,19,40,04,38",水,绿,2024-07-31 21:32:32
2024214,8,猪,6,"32,48,18,27,44,36,06",土,绿,2024-08-01 21:32:32
2024215,10,鸡,20,"13,21,26,32,33,02,20",土,蓝,2024-08-02 21:32:32
2024216,5,虎,15,"18,07,09,06,28,36,15",水,蓝,2024-08-03 21:32:32
2024217,5,虎,15,"22,37,49,18,11,30,15",水,蓝,2024-08-04 21:32:32
2024218,3,龙,37,"12,27,07,13,03,20,37",土,蓝,2024-08-05 21:32:32
2024219,4,兔,14,"47,05,40,12,42,09,14",火,蓝,2024-08-06 21:32:32
2024220,11,猴,21,"49,16,24,04,05,33,21",土,绿,2024-08-07 21:32:32
2024221,3,龙,1,"42,14,48,07,30,16,01",水,红,2024-08-08 21:32:32
2024222,9,狗,19,"33,36,26,41,08,13,19",火,红,2024-08-09 21:32:32
2024223,8,猪,30,"45,23,24,33,15,18,30",水,红,2024-08-10 21:32:32
2024224,12,羊,22,"43,05,10,19,30,16,22",水,绿,2024-08-11 21:32:32
2024225,7,鼠,5,"36,12,39,28,43,40,05",金,绿,2024-08-12 21:32:32
2024226,12,羊,34,"16,03,07,17,42,24,34",金,红,2024-08-13 21:32:32
2024227,10,鸡,20,"13,17,29,34,48,28,20",土,蓝,2024-08-14 21:32:32
2024228,3,龙,37,"26,18,43,10,21,28,37",土,蓝,2024-08-15 21:32:32
2024229,7,鼠,5,"26,28,49,16,34,25,05",金,绿,2024-08-16 21:32:32
2024230,3,龙,49,"45,48,05,33,43,25,49",火,绿,2024-08-17 21:32:32
2024231,7,鼠,17,"38,39,09,05,49,02,17",木,绿,2024-08-18 21:32:32
2024232,4,兔,2,"03,48,24,39,25,44,02",火,红,2024-08-19 21:32:32
2024233,1,马,23,"01,08,42,43,34,27,23",水,红,2024-08-20 21:32:32
2024234,9,狗,7,"42,33,19,45,04,43,07",土,红,2024-08-21 21:32:32
2024235,2,蛇,24,"25,38,17,13,29,30,24",木,红,2024-08-22 21:32:32
2024236,5,虎,3,"39,18,17,25,47,10,03",火,蓝,2024-08-23 21:32:32
2024237,8,猪,6,"43,31,44,45,01,36,06",土,绿,2024-08-24 21:32:32
2024238,8,猪,18,"32,42,17,29,02,46,18",火,红,2024-08-25 21:32:32
2024239,9,狗,31,"24,45,07,26,25,42,31",水,蓝,2024-08-26 21:32:32
2024240,2,蛇,24,"29,10,03,43,38,09,24",木,红,2024-08-27 21:32:32
2024241,6,牛,4,"20,24,46,42,39,21,04",金,蓝,2024-08-28 21:32:32
2024242,8,猪,30,"36,26,27,29,47,43,30",水,红,2024-08-29 21:32:32
2024243,3,龙,1,"49,07,09,19,11,38,01",水,红,2024-08-30 21:32:32
2024244,5,虎,3,"26,19,13,23,15,47,03",火,蓝,2024-08-31 21:32:32
2024245,7,鼠,17,"13,06,31,32,25,35,17",木,绿,2024-09-01 21:32:32
2024246,5,虎,15,"02,46,25,29,38,27,15",水,蓝,2024-09-02 21:32:32
2024247,9,狗,31,"33,13,45,46,29,22,31",水,蓝,2024-09-03 21:32:32
2024248,1,马,11,"05,34,14,29,19,32,11",火,绿,2024-09-04 21:32:32
2024249,10,鸡,32,"01,44,15,06,37,38,32",火,绿,2024-09-05 21:32:32
2024250,2,蛇,24,"14,15,28,33,41,19,24",木,红,2024-09-06 21:32:32
2024251,4,兔,14,"31,30,29,22,12,06,14",火,蓝,2024-09-07 21:32:32
2024252,2,蛇,36,"32,40,01,44,35,08,36",土,蓝,2024-09-08 21:32:32
2024253,1,马,47,"01,19,23,27,28,29,47",木,蓝,2024-09-09 21:32:32
2024254,5,虎,27,"44,25,13,04,21,10,27",金,绿,2024-09-10 21:32:32
2024255,8,猪,30,"36,34,22,35,16,21,30",水,红,2024-09-11 21:32:32
2024256,5,虎,39,"40,24,37,21,38,42,39",水,绿,2024-09-12 21:32:32
2024257,10,鸡,8,"46,03,20,35,15,11,08",木,红,2024-09-13 21:32:32
2024258,6,牛,40,"35,18,03,17,25,11,40",火,红,2024-09-14 21:32:32
2024259,7,鼠,29,"06,09,02,33,08,03,29",土,红,2024-09-15 21:32:32
2024260,6,牛,40,"31,23,07,49,24,17,40",火,红,2024-09-16 21:32:32
2024261,3,龙,1,"10,24,44,32,07,31,01",水,红,2024-09-17 21:32:32
2024262,10,鸡,44,"16,24,29,22,15,13,44",水,绿,2024-09-18 21:32:32
2024263,3,龙,13,"44,22,08,05,47,20,13",水,红,2024-09-19 21:32:32
2024264,8,猪,30,"32,44,45,19,43,33,30",水,红,2024-09-20 21:32:32
2024265,6,牛,16,"17,07,38,02,23,40,16",木,绿,2024-09-21 21:32:32
2024266,5,虎,27,"19,37,03,41,40,31,27",金,绿,2024-09-22 21:32:32
2024267,2,蛇,12,"21,38,22,16,01,34,12",金,红,2024-09-23 21:32:32
2024268,12,羊,22,"34,26,09,27,17,35,22",水,绿,2024-09-24 21:32:32
2024269,1,马,11,"24,26,36,23,38,33,11",火,绿,2024-09-25 21:32:32
2024270,8,猪,42,"24,04,46,01,12,49,42",金,蓝,2024-09-26 21:32:32
2024271,6,牛,40,"49,29,22,16,48,17,40",火,红,2024-09-27 21:32:32
2024272,8,猪,30,"17,10,24,34,12,18,30",水,红,2024-09-28 21:32:32
2024273,7,鼠,41,"18,47,24,30,05,12,41",火,蓝,2024-09-29 21:32:32
2024274,3,龙,49,"41,16,28,23,29,35,49",火,绿,2024-09-30 21:32:32
2024275,7,鼠,41,"40,05,09,49,25,30,41",火,蓝,2024-10-01 21:32:32
2024276,7,鼠,29,"25,13,41,39,21,16,29",土,红,2024-10-02 21:32:32
2024277,4,兔,26,"11,02,09,45,35,27,26",金,蓝,2024-10-03 21:32:32
2024278,9,狗,7,"28,38,46,02,23,31,07",土,红,2024-10-04 21:32:32
2024279,6,牛,40,"29,16,02,09,49,05,40",火,红,2024-10-05 21:32:32
2024280,12,羊,22,"05,14,40,28,02,13,22",水,绿,2024-10-06 21:32:32
2024281,9,狗,43,"15,35,13,23,26,39,43",金,绿,2024-10-07 21:32:32
2024282,3,龙,13,"47,19,03,40,09,34,13",水,红,2024-10-08 21:32:32
2024283,1,马,47,"02,24,29,27,07,39,47",木,蓝,2024-10-09 21:32:32
2024284,5,虎,27,"05,40,39,11,37,29,27",金,绿,2024-10-10 21:32:32
2024285,11,猴,21,"43,04,46,28,14,19,21",土,绿,2024-10-11 21:32:32
2024286,11,猴,45,"25,30,14,09,10,15,45",水,红,2024-10-12 21:32:32
2024287,6,牛,40,"18,37,29,21,12,36,40",火,红,2024-10-13 21:32:32
2024288,4,兔,26,"30,11,27,15,18,45,26",金,蓝,2024-10-14 21:32:32
2024289,6,牛,4,"27,37,30,15,48,20,04",金,蓝,2024-10-15 21:32:32
2024290,1,马,11,"14,35,43,44,37,16,11",火,绿,2024-10-16 21:32:32
2024291,4,兔,14,"11,01,29,31,38,08,14",火,蓝,2024-10-17 21:32:32
2024292,10,鸡,44,"31,26,06,19,35,48,44",水,绿,2024-10-18 21:32:32
2024293,8,猪,30,"10,48,37,18,46,05,30",水,红,2024-10-19 21:32:32
2024294,2,蛇,48,"36,13,11,15,26,27,48",火,蓝,2024-10-20 21:32:32
2024295,2,蛇,24,"48,14,49,18,09,38,24",木,红,2024-10-21 21:32:32
2024296,11,猴,9,"41,05,47,10,40,16,09",木,蓝,2024-10-22 21:32:32
2024297,3,龙,49,"43,02,30,39,12,03,49",火,绿,2024-10-23 21:32:32
2024298,10,鸡,44,"31,17,03,29,18,08,44",水,绿,2024-10-24 21:32:32
2024299,11,猴,21,"03,10,37,31,17,43,21",土,绿,2024-10-25 21:32:32
2024300,12,羊,46,"42,22,45,19,07,25,46",木,红,2024-10-26 21:32:32
2024301,6,牛,16,"30,34,25,33,31,44,16",木,绿,2024-10-27 21:32:32
2024302,2,蛇,24,"42,49,12,04,32,20,24",木,红,2024-10-28 21:32:32
2024303,4,兔,38,"23,44,49,34,17,04,38",水,绿,2024-10-29 21:32:32
2024304,7,鼠,17,"03,26,09,36,38,37,17",木,绿,2024-10-30 21:32:32
2024305,10,鸡,32,"10,38,45,17,44,03,32",火,绿,2024-10-31 21:32:32
2024306,10,鸡,8,"21,41,43,33,26,30,08",木,红,2024-11-01 21:32:32
2024307,5,虎,3,"44,27,37,34,48,24,03",火,蓝,2024-11-02 21:32:32
2024308,12,羊,22,"44,34,41,20,21,43,22",水,绿,2024-11-03 21:32:32
2024309,11,猴,9,"19,35,29,25,01,27,09",木,蓝,2024-11-04 21:32:32
2024310,6,牛,4,"31,38,19,41,23,24,04",金,蓝,2024-11-05 21:32:32
2024311,11,猴,21,"49,26,29,41,36,25,21",土,绿,2024-11-06 21:32:32
2024312,2,蛇,48,"39,26,45,07,29,23,48",火,蓝,2024-11-07 21:32:32
2024313,12,羊,46,"07,11,48,41,02,15,46",木,红,2024-11-08 21:32:32
2024314,8,猪,18,"17,30,40,12,41,15,18",火,红,2024-11-09 21:32:32
2024315,1,马,35,"30,04,21,18,07,47,35",金,红,2024-11-10 21:32:32
2024316,7,鼠,5,"44,03,17,12,15,10,05",金,绿,2024-11-11 21:32:32
2024317,3,龙,13,"43,01,18,19,20,09,13",水,红,2024-11-12 21:32:32
2024318,10,鸡,44,"39,22,37,27,45,14,44",水,绿,2024-11-13 21:32:32
2024319,7,鼠,41,"16,07,42,33,40,06,41",火,蓝,2024-11-14 21:32:32
2024320,2,蛇,12,"40,32,10,28,18,49,12",金,红,2024-11-15 21:32:32
2024321,2,蛇,36,"11,49,22,24,46,42,36",土,蓝,2024-11-16 21:32:32
2024322,5,虎,27,"05,34,12,09,33,17,27",金,绿,2024-11-17 21:32:32
2024323,5,虎,39,"40,19,37,41,15,30,39",水,绿,2024-11-18 21:32:32
2024324,3,龙,1,"24,28,26,02,37,32,01",水,红,2024-11-19 21:32:32
2024325,6,牛,28,"05,03,10,09,32,19,28",土,绿,2024-11-20 21:32:32
2024326,9,狗,19,"47,06,39,10,01,05,19",火,红,2024-11-21 21:32:32
2024327,7,鼠,41,"11,07,02,13,03,15,41",火,蓝,2024-11-22 21:32:32
2024328,10,鸡,20,"48,05,44,27,40,31,20",土,蓝,2024-11-23 21:32:32
2024329,4,兔,14,"02,16,15,01,13,17,14",火,蓝,2024-11-24 21:32:32
2024330,1,马,11,"36,31,42,48,41,02,11",火,绿,2024-11-25 21:32:32
2024331,8,猪,6,"04,17,03,20,05,19,06",土,绿,2024-11-26 21:32:32
2024332,10,鸡,32,"05,35,44,49,40,11,32",火,绿,2024-11-27 21:32:32
2024333,6,牛,4,"37,49,05,11,19,06,04",金,蓝,2024-11-28 21:32:32
2024334,12,羊,46,"10,02,39,36,47,42,46",木,红,2024-11-29 21:32:32
2024335,12,羊,34,"05,42,49,10,40,36,34",金,红,2024-11-30 21:32:32
2024336,7,鼠,5,"32,39,33,36,40,15,05",金,绿,2024-12-01 21:32:32
2024337,2,蛇,48,"04,32,29,45,36,23,48",火,蓝,2024-12-02 21:32:32
2024338,6,牛,40,"15,39,49,45,28,22,40",火,红,2024-12-03 21:32:32
2024339,4,兔,38,"25,41,40,42,29,15,38",水,绿,2024-12-04 21:32:32
2024340,1,马,47,"08,38,30,45,09,42,47",木,蓝,2024-12-05 21:32:32
2024341,8,猪,18,"09,26,06,19,46,43,18",火,红,2024-12-06 21:32:32
2024342,3,龙,49,"29,33,23,16,48,35,49",火,绿,2024-12-07 21:32:32
2024343,11,猴,45,"08,47,20,27,02,35,45",水,红,2024-12-08 21:32:32
2024344,4,兔,2,"15,25,11,28,42,49,02",火,红,2024-12-09 21:32:32
2024345,12,羊,46,"45,48,44,38,34,30,46",木,红,2024-12-10 21:32:32
2024346,7,鼠,41,"32,35,18,07,30,25,41",火,蓝,2024-12-11 21:32:32
2024347,6,牛,28,"37,16,39,33,35,02,28",土,绿,2024-12-12 21:32:32
2024348,7,鼠,17,"49,29,21,26,30,11,17",木,绿,2024-12-13 21:32:32
2024349,3,龙,1,"35,22,46,24,41,08,01",水,红,2024-12-14 21:32:32
2024350,6,牛,4,"08,03,18,02,41,10,04",金,蓝,2024-12-15 21:32:32
2024351,5,虎,27,"20,01,02,05,22,17,27",金,绿,2024-12-16 21:32:32
2024352,12,羊,10,"09,13,20,05,40,26,10",火,蓝,2024-12-17 21:32:32
2024353,1,马,47,"34,40,03,36,21,12,47",木,蓝,2024-12-18 21:32:32
2024354,3,龙,25,"06,22,44,02,20,36,25",木,蓝,2024-12-19 21:32:32
2024355,3,龙,49,"09,16,37,12,14,47,49",火,绿,2024-12-20 21:32:32
2024356,12,羊,46,"43,44,23,19,01,02,46",木,红,2024-12-21 21:32:32
2024357,11,猴,9,"37,07,31,20,16,26,09",木,蓝,2024-12-22 21:32:32
2024358,11,猴,21,"16,18,19,22,03,05,21",土,绿,2024-12-23 21:32:32
2024359,5,虎,15,"02,31,06,34,40,22,15",水,蓝,2024-12-24 21:32:32
2024360,4,兔,14,"35,25,19,24,36,26,14",火,蓝,2024-12-25 21:32:32
2024361,10,鸡,20,"04,22,15,31,28,46,20",土,蓝,2024-12-26 21:32:32
2024362,4,兔,2,"10,48,43,05,04,34,02",火,红,2024-12-27 21:32:32
2024363,6,牛,4,"36,42,32,01,05,16,04",金,蓝,2024-12-28 21:32:32
2024364,3,龙,1,"47,13,11,40,43,15,01",水,红,2024-12-29 21:32:32
2024365,8,猪,30,"05,36,06,40,17,13,30",水,红,2024-12-30 21:32:32
2024366,8,猪,6,"17,43,25,45,21,24,06",土,绿,2024-12-31 21:32:32
2025001,11,猴,22,"25,18,06,14,29,39,22",水,绿,2025-01-01 21:32:32
2025002,2,蛇,37,"13,04,10,06,05,28,37",土,蓝,2025-01-02 21:32:32
2025003,10,鸡,33,"28,01,16,47,18,42,33",火,绿,2025-01-03 21:32:32
2025004,10,鸡,33,"45,16,17,07,37,28,33",火,绿,2025-01-04 21:32:32
2025005,9,狗,8,"35,21,10,03,32,40,08",木,红,2025-01-05 21:32:32
2025006,5,虎,4,"03,13,12,28,01,18,04",金,蓝,2025-01-06 21:32:32
2025007,4,兔,15,"32,12,48,45,39,07,15",水,蓝,2025-01-07 21:32:32
2025008,11,猴,46,"13,24,48,23,32,20,46",木,红,2025-01-08 21:32:32
2025009,7,鼠,30,"23,17,43,01,10,13,30",水,红,2025-01-09 21:32:32
2025010,2,蛇,25,"37,18,17,47,21,23,25",木,蓝,2025-01-10 21:32:32
2025011,7,鼠,6,"07,45,03,30,01,10,06",土,绿,2025-01-11 21:32:32
2025012,4,兔,39,"24,32,10,15,37,04,39",水,绿,2025-01-12 21:32:32
2025013,8,猪,7,"42,43,36,11,25,47,07",土,红,2025-01-13 21:32:32
2025014,4,兔,27,"48,20,30,39,41,06,27",金,绿,2025-01-14 21:32:32
2025015,1,马,36,"13,37,02,03,43,12,36",土,蓝,2025-01-15 21:32:32
2025016,10,鸡,21,"40,22,27,42,43,39,21",土,绿,2025-01-16 21:32:32
2025017,3,龙,38,"42,29,20,49,22,06,38",水,绿,2025-01-17 21:32:32
2025018,11,猴,10,"12,01,24,33,21,44,10",火,蓝,2025-01-18 21:32:32
2025019,7,鼠,6,"03,23,49,13,39,26,06",土,绿,2025-01-19 21:32:32
2025020,11,猴,34,"44,04,47,01,49,14,34",金,红,2025-01-20 21:32:32
2025021,3,龙,14,"39,19,24,31,32,30,14",火,蓝,2025-01-21 21:32:32
2025022,5,虎,4,"27,23,26,14,16,18,04",金,蓝,2025-01-22 21:32:32
2025023,10,鸡,45,"15,43,06,30,16,09,45",水,红,2025-01-23 21:32:32
2025024,6,牛,41,"03,45,18,40,28,02,41",火,蓝,2025-01-24 21:32:32
2025025,7,鼠,30,"17,42,28,44,05,20,30",水,红,2025-01-25 21:32:32
2025026,2,蛇,37,"36,25,07,02,34,09,37",土,蓝,2025-01-26 21:32:32
2025027,2,蛇,25,"02,06,28,32,45,16,25",木,蓝,2025-01-27 21:32:32
2025028,5,虎,40,"34,14,29,33,05,28,40",火,红,2025-01-28 21:32:32
2025029,2,蛇,13,"14,46,03,35,43,10,13",水,红,2025-01-29 21:32:32
2025030,2,蛇,25,"27,39,23,45,44,46,25",木,蓝,2025-01-30 21:32:32
2025031,11,猴,22,"30,23,08,24,33,25,22",水,绿,2025-01-31 21:32:32
2025032,4,兔,39,"22,15,13,02,17,33,39",水,绿,2025-02-01 21:32:32
2025033,1,马,48,"41,22,19,40,46,39,48",火,蓝,2025-02-02 21:32:32
2025034,12,羊,23,"01,04,21,40,16,49,23",水,红,2025-02-03 21:32:32
2025035,10,鸡,21,"27,35,32,37,06,18,21",土,绿,2025-02-04 21:32:32
2025036,6,牛,29,"38,07,19,47,10,40,29",土,红,2025-02-05 21:32:32
2025037,2,蛇,25,"35,32,46,08,37,16,25",木,蓝,2025-02-06 21:32:32
2025038,9,狗,20,"11,01,47,39,12,03,20",土,蓝,2025-02-07 21:32:32
2025039,5,虎,40,"41,48,10,17,34,43,40",火,红,2025-02-08 21:32:32
2025040,9,狗,20,"01,32,35,30,08,16,20",土,蓝,2025-02-09 21:32:32
2025041,5,虎,28,"48,35,22,30,26,04,28",土,绿,2025-02-10 21:32:32
2025042,7,鼠,42,"44,13,39,22,46,47,42",金,蓝,2025-02-11 21:32:32
2025043,2,蛇,37,"04,27,38,40,19,35,37",土,蓝,2025-02-12 21:32:32
2025044,8,猪,7,"24,28,46,34,14,43,07",土,红,2025-02-13 21:32:32
2025045,7,鼠,30,"40,28,03,48,31,08,30",水,红,2025-02-14 21:32:32
2025046,1,马,12,"41,01,24,34,33,30,12",金,红,2025-02-15 21:32:32
2025047,1,马,12,"14,22,13,31,20,16,12",金,红,2025-02-16 21:32:32
2025048,7,鼠,18,"07,35,23,33,46,27,18",火,红,2025-02-17 21:32:32
2025049,8,猪,43,"49,05,01,17,31,06,43",金,绿,2025-02-18 21:32:32
2025050,6,牛,5,"29,21,46,48,15,45,05",金,绿,2025-02-19 21:32:32
2025051,2,蛇,49,"27,22,31,07,13,18,49",火,绿,2025-02-20 21:32:32
2025052,11,猴,10,"07,06,17,13,34,31,10",火,蓝,2025-02-21 21:32:32
2025053,12,羊,11,"33,48,05,19,13,17,11",火,绿,2025-02-22 21:32:32
2025054,2,蛇,25,"23,28,30,35,19,27,25",木,蓝,2025-02-23 21:32:32
2025055,9,狗,44,"47,36,40,43,11,37,44",水,绿,2025-02-24 21:32:32
2025056,7,鼠,42,"41,08,33,30,43,07,42",金,蓝,2025-02-25 21:32:32
2025057,9,狗,20,"10,11,13,01,40,22,20",土,蓝,2025-02-26 21:32:32
2025058,8,猪,31,"22,23,33,34,49,19,31",水,蓝,2025-02-27 21:32:32
2025059,1,马,24,"40,16,17,26,36,04,24",木,红,2025-02-28 21:32:32
2025060,12,羊,11,"10,08,17,13,47,44,11",火,绿,2025-03-01 21:32:32
2025061,11,猴,10,"42,28,39,06,23,35,10",火,蓝,2025-03-02 21:32:32
2025062,12,羊,35,"27,37,10,26,02,48,35",金,红,2025-03-03 21:32:32
2025063,12,羊,23,"42,05,38,03,49,21,23",水,红,2025-03-04 21:32:32
2025064,8,猪,31,"48,40,03,33,47,04,31",水,蓝,2025-03-05 21:32:32
2025065,1,马,48,"30,41,38,25,35,16,48",火,蓝,2025-03-06 21:32:32
2025066,1,马,12,"49,45,27,22,13,26,12",金,红,2025-03-07 21:32:32
2025067,9,狗,44,"15,35,39,48,45,11,44",水,绿,2025-03-08 21:32:32
2025068,9,狗,44,"42,33,47,40,30,02,44",水,绿,2025-03-09 21:32:32
2025069,6,牛,29,"44,30,05,40,06,15,29",土,红,2025-03-10 21:32:32
2025070,8,猪,43,"16,35,46,25,19,18,43",金,绿,2025-03-11 21:32:32
2025071,2,蛇,49,"32,09,44,36,23,40,49",火,绿,2025-03-12 21:32:32
2025072,5,虎,40,"35,37,48,33,14,22,40",火,红,2025-03-13 21:32:32
2025073,4,兔,3,"43,22,48,23,33,10,03",火,蓝,2025-03-14 21:32:32
2025074,12,羊,35,"22,21,01,47,29,11,35",金,红,2025-03-15 21:32:32
2025075,10,鸡,9,"30,05,10,37,32,07,09",木,蓝,2025-03-16 21:32:32
2025076,4,兔,39,"28,02,14,10,16,23,39",水,绿,2025-03-17 21:32:32
2025077,11,猴,22,"05,23,27,17,11,39,22",水,绿,2025-03-18 21:32:32
2025078,5,虎,28,"15,38,18,03,08,11,28",土,绿,2025-03-19 21:32:32
2025079,11,猴,10,"04,20,09,32,29,44,10",火,蓝,2025-03-20 21:32:32
2025080,1,马,24,"27,38,29,02,44,31,24",木,红,2025-03-21 21:32:32
2025081,3,龙,38,"48,08,40,09,18,27,38",水,绿,2025-03-22 21:32:32
2025082,11,猴,34,"10,35,04,45,24,09,34",金,红,2025-03-23 21:32:32
2025083,5,虎,28,"45,04,06,47,46,11,28",土,绿,2025-03-24 21:32:32
2025084,9,狗,20,"17,45,24,23,38,40,20",土,蓝,2025-03-25 21:32:32
2025085,12,羊,35,"32,31,18,14,08,19,35",金,红,2025-03-26 21:32:32
2025086,7,鼠,30,"19,29,31,02,42,26,30",水,红,2025-03-27 21:32:32
2025087,4,兔,15,"30,16,14,28,29,03,15",水,蓝,2025-03-28 21:32:32
2025088,4,兔,15,"14,11,39,10,45,33,15",水,蓝,2025-03-29 21:32:32
2025089,3,龙,14,"45,19,13,25,15,27,14",火,蓝,2025-03-30 21:32:32
2025090,12,羊,35,"17,07,23,38,12,18,35",金,红,2025-03-31 21:32:32
2025091,5,虎,40,"35,23,32,31,08,24,40",火,红,2025-04-01 21:32:32
2025092,4,兔,39,"23,24,36,03,04,32,39",水,绿,2025-04-02 21:32:32
2025093,11,猴,10,"16,23,28,21,27,46,10",火,蓝,2025-04-03 21:32:32
2025094,10,鸡,33,"35,43,31,37,15,39,33",火,绿,2025-04-04 21:32:32
2025095,9,狗,20,"04,43,37,40,24,16,20",土,蓝,2025-04-05 21:32:32
2025096,11,猴,34,"42,46,25,05,40,22,34",金,红,2025-04-06 21:32:32
2025097,8,猪,31,"01,32,24,23,04,02,31",水,蓝,2025-04-07 21:32:32
2025098,4,兔,3,"30,39,31,08,21,20,03",火,蓝,2025-04-08 21:32:32
2025099,9,狗,20,"01,34,43,38,06,22,20",土,蓝,2025-04-09 21:32:32
2025100,7,鼠,42,"25,03,34,08,31,41,42",金,蓝,2025-04-10 21:32:32
2025101,2,蛇,1,"20,49,36,37,42,30,01",水,红,2025-04-11 21:32:32
2025102,3,龙,38,"24,40,07,30,47,09,38",水,绿,2025-04-12 21:32:32
2025103,9,狗,32,"16,28,03,30,42,49,32",火,绿,2025-04-13 21:32:32
2025104,7,鼠,6,"09,20,33,11,32,21,06",土,绿,2025-04-14 21:32:32
2025105,3,龙,26,"12,28,48,37,18,43,26",金,蓝,2025-04-15 21:32:32
2025106,7,鼠,18,"45,20,11,23,34,42,18",火,红,2025-04-16 21:32:32
2025107,11,猴,46,"08,09,15,24,18,42,46",木,红,2025-04-17 21:32:32
2025108,4,兔,27,"40,20,39,49,08,01,27",金,绿,2025-04-18 21:32:32
2025109,4,兔,3,"47,16,08,41,06,19,03",火,蓝,2025-04-19 21:32:32
2025110,12,羊,47,"15,20,14,46,31,30,47",木,蓝,2025-04-20 21:32:32
2025111,10,鸡,45,"02,17,13,41,28,36,45",水,红,2025-04-21 21:32:32
2025112,10,鸡,45,"15,43,38,24,18,04,45",水,红,2025-04-22 21:32:32
2025113,11,猴,46,"02,26,43,38,03,09,46",木,红,2025-04-23 21:32:32
2025114,3,龙,38,"06,41,05,46,15,09,38",水,绿,2025-04-24 21:32:32
2025115,4,兔,3,"14,07,09,22,10,04,03",火,蓝,2025-04-25 21:32:32
2025116,12,羊,23,"19,43,35,40,10,48,23",水,红,2025-04-26 21:32:32
2025117,12,羊,47,"33,46,40,06,22,45,47",木,蓝,2025-04-27 21:32:32
2025118,1,马,36,"19,15,06,39,46,35,36",土,蓝,2025-04-28 21:32:32
2025119,3,龙,38,"21,37,10,45,19,30,38",水,绿,2025-04-29 21:32:32
2025120,5,虎,28,"18,25,05,35,31,43,28",土,绿,2025-04-30 21:32:32
2025121,1,马,24,"25,07,31,34,23,39,24",木,红,2025-05-01 21:32:32
2025122,10,鸡,33,"07,46,03,02,47,22,33",火,绿,2025-05-02 21:32:32
2025123,10,鸡,45,"37,30,49,16,09,12,45",水,红,2025-05-03 21:32:32
2025124,11,猴,10,"18,41,09,14,07,39,10",火,蓝,2025-05-04 21:32:32
2025125,2,蛇,49,"18,25,19,28,01,08,49",火,绿,2025-05-05 21:32:32
2025126,3,龙,2,"05,13,10,28,03,31,02",火,红,2025-05-06 21:32:32
2025127,2,蛇,49,"45,35,08,20,04,22,49",火,绿,2025-05-07 21:32:32
2025128,2,蛇,13,"04,43,18,45,38,26,13",水,红,2025-05-08 21:32:32
2025129,5,虎,40,"34,45,20,42,19,25,40",火,红,2025-05-09 21:32:32
2025130,12,羊,23,"20,30,10,33,28,08,23",水,红,2025-05-10 21:32:32
2025131,12,羊,47,"13,44,04,20,36,30,47",木,蓝,2025-05-11 21:32:32
2025132,3,龙,2,"24,46,26,42,15,35,02",火,红,2025-05-12 21:32:32
2025133,11,猴,10,"45,03,16,01,21,38,10",火,蓝,2025-05-13 21:32:32
2025134,3,龙,14,"38,27,04,23,06,34,14",火,蓝,2025-05-14 21:32:32
2025135,2,蛇,37,"32,44,25,03,34,33,37",土,蓝,2025-05-15 21:32:32
2025136,10,鸡,9,"31,23,25,33,02,21,09",木,蓝,2025-05-16 21:32:32
2025137,1,马,36,"39,35,46,25,48,45,36",土,蓝,2025-05-17 21:32:32
2025138,6,牛,41,"20,27,39,47,29,03,41",火,蓝,2025-05-18 21:32:32
2025139,3,龙,14,"38,27,47,30,45,09,14",火,蓝,2025-05-19 21:32:32
2025140,12,羊,11,"22,45,02,41,39,31,11",火,绿,2025-05-20 21:32:32
2025141,2,蛇,13,"30,22,31,34,39,03,13",水,红,2025-05-21 21:32:32
2025142,9,狗,44,"17,30,08,29,23,33,44",水,绿,2025-05-22 21:32:32
2025143,11,猴,10,"27,19,17,02,24,15,10",火,蓝,2025-05-23 21:32:32
2025144,2,蛇,25,"36,31,19,01,34,29,25",木,蓝,2025-05-24 21:32:32
2025145,6,牛,17,"30,25,29,28,10,49,17",木,绿,2025-05-25 21:32:32
2025146,3,龙,14,"24,41,25,03,11,47,14",火,蓝,2025-05-26 21:32:32
2025147,9,狗,32,"47,14,38,26,19,35,32",火,绿,2025-05-27 21:32:32
2025148,3,龙,2,"48,26,05,31,44,09,02",火,红,2025-05-28 21:32:32
2025149,6,牛,41,"44,43,25,03,29,19,41",火,蓝,2025-05-29 21:32:32
2025150,5,虎,40,"24,43,18,31,45,12,40",火,红,2025-05-30 21:32:32
2025151,3,龙,38,"29,49,26,25,35,39,38",水,绿,2025-05-31 21:32:32
2025152,11,猴,10,"09,34,17,29,35,12,10",火,蓝,2025-06-01 21:32:32
2025153,8,猪,43,"42,11,25,08,45,09,43",金,绿,2025-06-02 21:32:32
2025154,3,龙,26,"37,18,45,25,47,42,26",金,蓝,2025-06-03 21:32:32
2025155,10,鸡,45,"06,34,33,12,37,20,45",水,红,2025-06-04 21:32:32
2025156,7,鼠,18,"15,13,38,17,28,32,18",火,红,2025-06-05 21:32:32
2025157,12,羊,23,"37,05,16,12,17,03,23",水,红,2025-06-06 21:32:32
2025158,6,牛,5,"15,48,04,17,42,21,05",金,绿,2025-06-07 21:32:32
2025159,8,猪,31,"45,34,35,22,24,08,31",水,蓝,2025-06-08 21:32:32
2025160,12,羊,11,"23,42,32,46,30,40,11",火,绿,2025-06-09 21:32:32
2025161,5,虎,16,"49,41,44,29,38,18,16",木,绿,2025-06-10 21:32:32
2025162,2,蛇,1,"38,02,22,48,15,12,01",水,红,2025-06-11 21:32:32
2025163,12,羊,23,"38,18,43,29,10,32,23",水,红,2025-06-12 21:32:32
2025164,2,蛇,13,"46,38,14,39,26,08,13",水,红,2025-06-13 21:32:32
2025165,12,羊,47,"23,37,17,08,42,49,47",木,蓝,2025-06-14 21:32:32
2025166,6,牛,41,"30,38,18,14,42,16,41",火,蓝,2025-06-15 21:32:32
2025167,10,鸡,9,"11,27,30,06,36,03,09",木,蓝,2025-06-16 21:32:32
2025168,5,虎,16,"31,07,40,15,09,25,16",木,绿,2025-06-17 21:32:32
2025169,8,猪,7,"11,02,32,38,29,31,07",土,红,2025-06-18 21:32:32
2025170,10,鸡,33,"22,20,36,44,31,19,33",火,绿,2025-06-19 21:32:32
2025171,12,羊,47,"15,04,23,36,27,07,47",木,蓝,2025-06-20 21:32:32
2025172,1,马,36,"03,15,04,39,02,28,36",土,蓝,2025-06-21 21:32:32
2025173,3,龙,38,"46,32,30,05,42,04,38",水,绿,2025-06-22 21:32:32
2025174,4,兔,39,"11,36,22,24,20,12,39",水,绿,2025-06-23 21:32:32
2025175,7,鼠,30,"37,03,32,12,08,29,30",水,红,2025-06-24 21:32:32
2025176,1,马,36,"12,05,24,28,22,17,36",土,蓝,2025-06-25 21:32:32
2025177,5,虎,4,"31,30,11,49,22,41,04",金,蓝,2025-06-26 21:32:32
2025178,4,兔,27,"42,30,37,20,06,07,27",金,绿,2025-06-27 21:32:32
2025179,1,马,24,"42,08,05,30,29,25,24",木,红,2025-06-28 21:32:32
2025180,6,牛,29,"14,37,28,43,01,41,29",土,红,2025-06-29 21:32:32
2025181,12,羊,23,"10,21,40,37,02,39,23",水,红,2025-06-30 21:32:32
2025182,7,鼠,42,"01,49,21,39,06,34,42",金,蓝,2025-07-01 21:32:32
2025183,10,鸡,33,"12,39,38,07,28,45,33",火,绿,2025-07-02 21:32:32
2025184,5,虎,28,"08,32,20,30,18,35,28",土,绿,2025-07-03 21:32:32
2025185,6,牛,5,"22,40,29,45,11,01,05",金,绿,2025-07-04 21:32:32
2025186,9,狗,8,"13,40,22,20,17,09,08",木,红,2025-07-05 21:32:32
2025187,10,鸡,45,"07,31,18,14,26,04,45",水,红,2025-07-06 21:32:32
2025188,4,兔,15,"03,07,13,49,32,35,15",水,蓝,2025-07-07 21:32:32
2025189,6,牛,17,"11,36,03,39,48,41,17",木,绿,2025-07-08 21:32:32
2025190,7,鼠,18,"08,24,03,36,49,25,18",火,红,2025-07-09 21:32:32
2025191,6,牛,29,"33,41,40,24,37,18,29",土,红,2025-07-10 21:32:32
2025192,10,鸡,45,"19,31,10,46,20,03,45",水,红,2025-07-11 21:32:32
2025193,1,马,24,"17,16,04,14,06,42,24",木,红,2025-07-12 21:32:32
2025194,6,牛,29,"11,30,46,43,03,07,29",土,红,2025-07-13 21:32:32
2025195,2,蛇,25,"22,12,42,08,06,27,25",木,蓝,2025-07-14 21:32:32
2025196,3,龙,14,"31,33,27,21,09,12,14",火,蓝,2025-07-15 21:32:32
2025197,11,猴,34,"15,25,10,43,12,24,34",金,红,2025-07-16 21:32:32
2025198,8,猪,43,"33,03,07,45,39,15,43",金,绿,2025-07-17 21:32:32
2025199,11,猴,10,"37,32,05,21,13,11,10",火,蓝,2025-07-18 21:32:32
2025200,12,羊,47,"22,21,42,41,11,15,47",木,蓝,2025-07-19 21:32:32
2025201,12,羊,47,"05,30,01,37,25,46,47",木,蓝,2025-07-20 21:32:32
2025202,9,狗,20,"17,33,09,48,44,05,20",土,蓝,2025-07-21 21:32:32
2025203,7,鼠,18,"27,23,39,10,12,44,18",火,红,2025-07-22 21:32:32
2025204,7,鼠,30,"07,47,15,41,18,36,30",水,红,2025-07-23 21:32:32
2025205,2,蛇,1,"23,04,12,06,37,30,01",水,红,2025-07-24 21:32:32
2025206,11,猴,10,"35,11,27,19,28,20,10",火,蓝,2025-07-25 21:32:32
2025207,1,马,24,"09,27,06,01,49,45,24",木,红,2025-07-26 21:32:32
2025208,10,鸡,9,"31,17,48,24,32,29,09",木,蓝,2025-07-27 21:32:32
2025209,2,蛇,13,"31,08,32,26,48,02,13",水,红,2025-07-28 21:32:32
2025210,4,兔,15,"35,40,47,11,24,14,15",水,蓝,2025-07-29 21:32:32
2025211,3,龙,2,"39,01,14,27,24,12,02",火,红,2025-07-30 21:32:32
2025212,7,鼠,18,"05,12,25,35,36,20,18",火,红,2025-07-31 21:32:32
2025213,12,羊,11,"03,31,34,38,47,24,11",火,绿,2025-08-01 21:32:32
2025214,4,兔,15,"22,48,38,28,01,19,15",水,蓝,2025-08-02 21:32:32
2025215,10,鸡,21,"33,11,19,15,36,13,21",土,绿,2025-08-03 21:32:32
2025216,12,羊,23,"48,07,20,12,17,46,23",水,红,2025-08-04 21:32:32
2025217,11,猴,46,"18,03,39,37,08,11,46",木,红,2025-08-05 21:32:32
2025218,12,羊,23,"22,32,36,34,26,38,23",水,红,2025-08-06 21:32:32
2025219,10,鸡,9,"04,25,23,46,16,41,09",木,蓝,2025-08-07 21:32:32
2025220,9,狗,8,"35,28,14,11,10,43,08",木,红,2025-08-08 21:32:32
2025221,9,狗,8,"46,27,15,23,25,12,08",木,红,2025-08-09 21:32:32
2025222,8,猪,43,"46,40,21,13,01,05,43",金,绿,2025-08-10 21:32:32
2025223,2,蛇,25,"46,41,44,07,34,24,25",木,蓝,2025-08-11 21:32:32
2025224,5,虎,16,"19,09,37,07,49,13,16",木,绿,2025-08-12 21:32:32
2025225,9,狗,32,"45,24,13,44,09,47,32",火,绿,2025-08-13 21:32:32
2025226,8,猪,31,"13,27,26,02,06,43,31",水,蓝,2025-08-14 21:32:32
2025227,5,虎,40,"07,11,27,19,28,43,40",火,红,2025-08-15 21:32:32
2025228,4,兔,15,"45,20,40,46,26,16,15",水,蓝,2025-08-16 21:32:32
2025229,3,龙,2,"41,36,48,42,28,06,02",火,红,2025-08-17 21:32:32
2025230,4,兔,39,"15,10,01,46,48,08,39",水,绿,2025-08-18 21:32:32
2025231,3,龙,38,"16,23,05,08,35,31,38",水,绿,2025-08-19 21:32:32
2025232,7,鼠,42,"49,40,19,44,18,23,42",金,蓝,2025-08-20 21:32:32
2025233,2,蛇,37,"43,29,27,18,45,06,37",土,蓝,2025-08-21 21:32:32
2025234,2,蛇,13,"14,18,43,23,11,16,13",水,红,2025-08-22 21:32:32
2025235,7,鼠,42,"45,43,12,36,49,02,42",金,蓝,2025-08-23 21:32:32
2025236,4,兔,39,"46,18,45,42,49,09,39",水,绿,2025-08-24 21:32:32
2025237,3,龙,2,"49,25,10,03,37,17,02",火,红,2025-08-25 21:32:32
2025238,11,猴,46,"10,43,34,15,09,48,46",木,红,2025-08-26 21:32:32
2025239,5,虎,4,"12,13,01,05,29,48,04",金,蓝,2025-08-27 21:32:32
2025240,5,虎,28,"04,42,25,24,22,09,28",土,绿,2025-08-28 21:32:32
2025241,2,蛇,1,"22,38,11,29,43,09,01",水,红,2025-08-29 21:32:32
2025242,11,猴,34,"46,33,26,09,05,07,34",金,红,2025-08-30 21:32:32
2025243,9,狗,8,"15,47,23,16,27,42,08",木,红,2025-08-31 21:32:32
2025244,1,马,24,"04,16,25,07,22,12,24",木,红,2025-09-01 21:32:32
2025245,9,狗,44,"34,37,19,29,14,38,44",水,绿,2025-09-02 21:32:32
2025246,7,鼠,6,"14,18,16,26,01,23,06",土,绿,2025-09-03 21:32:32
2025247,2,蛇,25,"38,10,01,44,15,03,25",木,蓝,2025-09-04 21:32:32
2025248,1,马,12,"27,42,24,34,20,39,12",金,红,2025-09-05 21:32:32
2025249,3,龙,2,"37,19,48,09,04,01,02",火,红,2025-09-06 21:32:32
2025250,1,马,12,"47,03,34,11,33,35,12",金,红,2025-09-07 21:32:32
2025251,12,羊,35,"06,18,12,36,05,15,35",金,红,2025-09-08 21:32:32
2025252,12,羊,23,"01,43,49,10,35,40,23",水,红,2025-09-09 21:32:32
2025253,10,鸡,33,"06,39,19,08,30,37,33",火,绿,2025-09-10 21:32:32
2025254,6,牛,17,"27,12,29,32,44,19,17",木,绿,2025-09-11 21:32:32
2025255,7,鼠,42,"15,21,20,25,24,39,42",金,蓝,2025-09-12 21:32:32
2025256,1,马,48,"42,36,11,09,45,05,48",火,蓝,2025-09-13 21:32:32
2025257,5,虎,28,"23,21,04,01,30,11,28",土,绿,2025-09-14 21:32:32
2025258,3,龙,38,"01,26,35,25,47,17,38",水,绿,2025-09-15 21:32:32
2025259,12,羊,47,"08,38,30,45,09,42,47",木,蓝,2025-09-16 21:32:32
2025260,4,兔,3,"44,11,40,24,12,28,03",火,蓝,2025-09-17 21:32:32
2025261,10,鸡,33,"37,34,09,46,16,30,33",火,绿,2025-09-18 21:32:32
2025262,9,狗,44,"16,27,28,33,12,38,44",水,绿,2025-09-19 21:32:32
2025263,3,龙,38,"39,48,03,20,25,43,38",水,绿,2025-09-20 21:32:32
2025264,8,猪,43,"23,33,06,32,19,47,43",金,绿,2025-09-21 21:32:32
2025265,11,猴,10,"44,34,48,06,23,01,10",火,蓝,2025-09-22 21:32:32
2025266,6,牛,41,"01,18,13,43,26,40,41",火,蓝,2025-09-23 21:32:32
2025267,6,牛,29,"07,09,05,25,48,40,29",土,红,2025-09-24 21:32:32
2025268,11,猴,10,"39,27,01,45,05,31,10",火,蓝,2025-09-25 21:32:32
2025269,8,猪,31,"17,02,33,38,46,21,31",水,蓝,2025-09-26 21:32:32
2025270,12,羊,35,"05,11,31,46,03,10,35",金,红,2025-09-27 21:32:32
2025271,7,鼠,6,"48,03,44,27,08,09,06",土,绿,2025-09-28 21:32:32
2025272,1,马,36,"01,04,29,41,10,21,36",土,蓝,2025-09-29 21:32:32
2025273,5,虎,4,"02,43,19,34,22,49,04",金,蓝,2025-09-30 21:32:32
2025274,9,狗,44,"41,20,19,22,39,40,44",水,绿,2025-10-01 21:32:32
2025275,10,鸡,45,"34,47,25,21,28,05,45",水,红,2025-10-02 21:32:32
2025276,10,鸡,9,"16,22,34,13,21,25,09",木,蓝,2025-10-03 21:32:32
2025277,5,虎,16,"46,11,41,33,48,37,16",木,绿,2025-10-04 21:32:32
2025278,5,虎,28,"04,18,33,34,45,39,28",土,绿,2025-10-05 21:32:32
2025279,4,兔,27,"37,01,26,42,39,30,27",金,绿,2025-10-06 21:32:32
2025280,7,鼠,42,"36,49,44,32,35,28,42",金,蓝,2025-10-07 21:32:32
2025281,12,羊,47,"37,07,10,13,23,36,47",木,蓝,2025-10-08 21:32:32
2025282,6,牛,41,"04,33,25,30,38,12,41",火,蓝,2025-10-09 21:32:32
2025283,10,鸡,45,"21,24,35,08,29,18,45",水,红,2025-10-10 21:32:32
2025284,6,牛,41,"21,06,12,13,49,38,41",火,蓝,2025-10-11 21:32:32
2025285,1,马,24,"46,25,37,15,41,28,24",木,红,2025-10-12 21:32:32
2025286,4,兔,3,"25,27,24,16,15,42,03",火,蓝,2025-10-13 21:32:32
2025287,11,猴,34,"05,42,49,10,40,36,34",金,红,2025-10-14 21:32:32
2025288,3,龙,14,"44,08,17,01,02,47,14",火,蓝,2025-10-15 21:32:32
2025289,7,鼠,42,"35,04,23,10,44,24,42",金,蓝,2025-10-16 21:32:32
2025290,8,猪,19,"40,18,25,05,02,17,19",火,红,2025-10-17 21:32:32
2025291,9,狗,44,"43,24,06,10,30,25,44",水,绿,2025-10-18 21:32:32
2025292,3,龙,2,"31,04,28,40,37,10,02",火,红,2025-10-19 21:32:32
2025293,12,羊,47,"18,11,20,46,01,14,47",木,蓝,2025-10-20 21:32:32
2025294,7,鼠,18,"11,08,35,14,10,38,18",火,红,2025-10-21 21:32:32
2025295,6,牛,5,"18,04,45,33,42,38,05",金,绿,2025-10-22 21:32:32
2025296,11,猴,22,"31,29,23,05,49,17,22",水,绿,2025-10-23 21:32:32
2025297,9,狗,44,"43,24,11,41,01,19,44",水,绿,2025-10-24 21:32:32
2025298,12,羊,23,"22,20,49,37,39,35,23",水,红,2025-10-25 21:32:32
2025299,2,蛇,49,"33,39,35,13,31,19,49",火,绿,2025-10-26 21:32:32
2025300,5,虎,40,"17,32,39,26,29,24,40",火,红,2025-10-27 21:32:32
2025301,6,牛,5,"47,10,09,38,41,45,05",金,绿,2025-10-28 21:32:32
2025302,11,猴,22,"07,27,06,45,29,42,22",水,绿,2025-10-29 21:32:32
2025303,4,兔,15,"02,18,31,27,47,36,15",水,蓝,2025-10-30 21:32:32
2025304,1,马,48,"12,47,43,34,39,19,48",火,蓝,2025-10-31 21:32:32
2025305,7,鼠,42,"33,24,29,45,11,27,42",金,蓝,2025-11-01 21:32:32
2025306,6,牛,17,"10,22,07,09,38,04,17",木,绿,2025-11-02 21:32:32
2025307,9,狗,20,"21,44,04,24,29,01,20",土,蓝,2025-11-03 21:32:32
2025308,4,兔,39,"45,48,46,14,40,01,39",水,绿,2025-11-04 21:32:32
2025309,7,鼠,6,"49,07,16,13,32,04,06",土,绿,2025-11-05 21:32:32
2025310,5,虎,16,"49,04,09,17,10,43,16",木,绿,2025-11-06 21:32:32
2025311,2,蛇,37,"06,39,32,04,07,02,37",土,蓝,2025-11-07 21:32:32
2025312,3,龙,14,"46,18,47,35,03,01,14",火,蓝,2025-11-08 21:32:32
2025313,3,龙,38,"03,29,10,39,49,22,38",水,绿,2025-11-09 21:32:32
2025314,12,羊,23,"29,44,37,19,26,38,23",水,红,2025-11-10 21:32:32
2025315,5,虎,4,"19,43,20,15,08,37,04",金,蓝,2025-11-11 21:32:32
2025316,1,马,24,"20,29,40,42,17,25,24",木,红,2025-11-12 21:32:32
2025317,7,鼠,18,"05,10,03,06,01,32,18",火,红,2025-11-13 21:32:32
2025318,7,鼠,6,"26,22,20,30,46,07,06",土,绿,2025-11-14 21:32:32
2025319,10,鸡,45,"29,22,16,31,21,17,45",水,红,2025-11-15 21:32:32
2025320,5,虎,28,"33,40,20,48,34,07,28",土,绿,2025-11-16 21:32:32
2025321,12,羊,23,"28,08,34,25,24,10,23",水,红,2025-11-17 21:32:32
2025322,12,羊,47,"46,06,34,17,33,29,47",木,蓝,2025-11-18 21:32:32
2025323,10,鸡,9,"48,28,29,36,46,19,09",木,蓝,2025-11-19 21:32:32
2025324,4,兔,15,"49,30,31,38,10,28,15",水,蓝,2025-11-20 21:32:32
2025325,5,虎,4,"12,02,33,05,17,49,04",金,蓝,2025-11-21 21:32:32
2025326,8,猪,19,"23,04,46,11,33,31,19",火,红,2025-11-22 21:32:32
2025327,2,蛇,37,"13,44,09,21,31,22,37",土,蓝,2025-11-23 21:32:32
2025328,4,兔,3,"28,34,13,08,22,15,03",火,蓝,2025-11-24 21:32:32
2025329,6,牛,17,"46,13,44,37,45,19,17",木,绿,2025-11-25 21:32:32
2025330,1,马,36,"20,37,32,01,11,06,36",土,蓝,2025-11-26 21:32:32
2025331,3,龙,26,"42,24,02,22,47,21,26",金,蓝,2025-11-27 21:32:32
2025332,3,龙,26,"44,23,45,30,19,08,26",金,蓝,2025-11-28 21:32:32
2025333,7,鼠,6,"43,31,36,11,37,27,06",土,绿,2025-11-29 21:32:32
2025334,11,猴,46,"35,29,41,33,01,49,46",木,红,2025-11-30 21:32:32
2025335,9,狗,44,"34,35,46,31,13,03,44",水,绿,2025-12-01 21:32:32
2025336,6,牛,17,"20,06,15,10,13,42,17",木,绿,2025-12-02 21:32:32
2025337,10,鸡,9,"13,44,42,24,32,14,09",木,蓝,2025-12-03 21:32:32
2025338,9,狗,8,"41,48,34,15,25,10,08",木,红,2025-12-04 21:32:32
2025339,1,马,48,"24,22,40,36,39,31,48",火,蓝,2025-12-05 21:32:32
2025340,5,虎,16,"45,17,15,28,22,10,16",木,绿,2025-12-06 21:32:32
2025341,7,鼠,6,"05,34,42,07,35,12,06",土,绿,2025-12-07 21:32:32
2025342,5,虎,4,"41,19,17,15,24,08,04",金,蓝,2025-12-08 21:32:32
2025343,3,龙,38,"11,45,41,28,46,35,38",水,绿,2025-12-09 21:32:32
2025344,4,兔,27,"11,21,42,10,47,40,27",金,绿,2025-12-10 21:32:32
2025345,1,马,24,"41,23,09,11,32,03,24",木,红,2025-12-11 21:32:32
2025346,4,兔,3,"11,26,40,46,34,20,03",火,蓝,2025-12-12 21:32:32
2025347,2,蛇,13,"30,08,26,37,28,24,13",水,红,2025-12-13 21:32:32
2025348,5,虎,16,"31,26,44,21,22,34,16",木,绿,2025-12-14 21:32:32
2025349,11,猴,22,"33,11,39,04,40,46,22",水,绿,2025-12-15 21:32:32
2025350,2,蛇,49,"07,22,42,35,16,47,49",火,绿,2025-12-16 21:32:32
2025351,5,虎,4,"16,15,03,12,10,11,04",金,蓝,2025-12-17 21:32:32
2025352,9,狗,44,"25,09,29,26,10,02,44",水,绿,2025-12-18 21:32:32
2025353,2,蛇,1,"38,06,16,46,26,48,01",水,红,2025-12-19 21:32:32
2025354,7,鼠,30,"21,15,04,05,28,48,30",水,红,2025-12-20 21:32:32
2025355,9,狗,8,"43,09,06,28,15,30,08",木,红,2025-12-21 21:32:32
2025356,1,马,24,"40,11,08,36,13,03,24",木,红,2025-12-22 21:32:32
2025357,2,蛇,49,"41,35,02,13,43,24,49",火,绿,2025-12-23 21:32:32
2025358,8,猪,7,"26,22,43,42,18,35,07",土,红,2025-12-24 21:32:32
2025359,12,羊,11,"37,38,06,23,45,42,11",火,绿,2025-12-25 21:32:32
2025360,6,牛,41,"27,06,44,15,39,12,41",火,蓝,2025-12-26 21:32:32
2025361,1,马,24,"30,11,02,38,33,20,24",木,红,2025-12-27 21:32:32
2025362,12,羊,23,"45,11,37,06,30,08,23",水,红,2025-12-28 21:32:32
2025363,3,龙,26,"23,21,13,04,09,15,26",金,蓝,2025-12-29 21:32:32
2025364,1,马,12,"31,22,02,11,43,28,12",金,红,2025-12-30 21:32:32
2025365,3,龙,26,"49,20,29,33,10,16,26",金,蓝,2025-12-31 21:32:32
2026001,5,虎,29,"27,08,43,33,42,11,29",土,红,2026-01-01 21:32:32
2026002,10,鸡,22,"48,07,04,03,15,11,22",水,绿,2026-01-02 21:32:32
2026003,9,狗,9,"30,44,07,15,42,17,09",木,蓝,2026-01-03 21:32:32
2026004,9,狗,45,"22,19,07,35,49,36,45",水,红,2026-01-04 21:32:32
2026005,7,鼠,43,"46,19,20,36,13,17,43",金,绿,2026-01-05 21:32:32
2026006,1,马,13,"35,41,15,06,46,21,13",水,红,2026-01-06 21:32:32
2026007,5,虎,41,"28,40,45,34,44,15,41",火,蓝,2026-01-07 21:32:32
2026008,9,狗,21,"05,39,36,19,29,45,21",土,绿,2026-01-08 21:32:32
2026009,4,兔,28,"17,18,06,49,07,22,28",土,绿,2026-01-09 21:32:32
2026010,3,龙,27,"23,38,24,49,11,30,27",金,绿,2026-01-10 21:32:32
2026011,11,猴,11,"32,10,07,05,48,15,11",火,绿,2026-01-11 21:32:32
2026012,11,猴,11,"25,26,33,20,41,45,11",火,绿,2026-01-12 21:32:32
2026013,1,马,1,"09,19,44,27,37,06,01",水,红,2026-01-13 21:32:32
2026014,2,蛇,26,"38,13,12,08,43,31,26",金,蓝,2026-01-14 21:32:32
2026015,7,鼠,31,"10,08,30,20,15,33,31",水,蓝,2026-01-15 21:32:32
2026016,6,牛,6,"34,12,48,26,40,38,06",土,绿,2026-01-16 21:32:32
2026017,8,猪,32,"44,18,31,41,33,02,32",火,绿,2026-01-17 21:32:32
2026018,3,龙,39,"40,42,43,31,25,15,39",水,绿,2026-01-18 21:32:32
2026019,10,鸡,46,"42,22,45,19,07,25,46",木,红,2026-01-19 21:32:32
2026020,12,羊,12,"09,37,14,47,11,24,12",金,红,2026-01-20 21:32:32
2026021,6,牛,42,"47,45,33,07,24,10,42",金,蓝,2026-01-21 21:32:32
2026022,6,牛,18,"39,08,20,37,46,30,18",火,红,2026-01-22 21:32:32
2026023,11,猴,47,"06,29,36,38,18,31,47",木,蓝,2026-01-23 21:32:32
2026024,4,兔,28,"10,45,25,15,23,44,28",土,绿,2026-01-24 21:32:32
2026025,1,马,37,"46,10,41,06,09,14,37",土,蓝,2026-01-25 21:32:32
2026026,7,鼠,19,"44,34,24,13,37,42,19",火,红,2026-01-26 21:32:32
2026027,9,狗,45,"11,16,46,10,18,49,45",水,红,2026-01-27 21:32:32
2026028,3,龙,3,"17,47,28,39,32,49,03",火,蓝,2026-01-28 21:32:32
2026029,1,马,1,"47,08,05,04,03,18,01",水,红,2026-01-29 21:32:32
2026030,5,虎,41,"03,06,47,01,35,04,41",火,蓝,2026-01-30 21:32:32
2026031,2,蛇,26,"38,25,07,19,11,05,26",金,蓝,2026-01-31 21:32:32
2026032,6,牛,6,"23,17,11,20,10,39,06",土,绿,2026-02-01 21:32:32
2026033,5,虎,41,"14,22,46,33,08,11,41",火,蓝,2026-02-02 21:32:32
2026034,7,鼠,19,"38,45,35,24,30,23,19",火,红,2026-02-03 21:32:32
2026035,3,龙,27,"32,47,44,36,19,41,27",金,绿,2026-02-04 21:32:32
2026036,1,马,1,"44,39,11,20,27,48,01",水,红,2026-02-05 21:32:32
2026037,7,鼠,43,"34,42,39,13,44,45,43",金,绿,2026-02-06 21:32:32
2026038,6,牛,42,"06,40,49,34,12,20,42",金,蓝,2026-02-07 21:32:32
2026039,11,猴,11,"31,20,08,29,10,04,11",火,绿,2026-02-08 21:32:32
2026040,4,兔,28,"46,06,29,27,11,49,28",土,绿,2026-02-09 21:32:32
2026041,12,羊,36,"02,08,17,44,32,27,36",土,蓝,2026-02-10 21:32:32
2026042,4,兔,16,"38,22,17,19,01,18,16",木,绿,2026-02-11 21:32:32
2026043,1,马,13,"09,35,42,40,33,03,13",水,红,2026-02-12 21:32:32
2026044,7,鼠,19,"46,17,39,47,48,38,19",火,红,2026-02-13 21:32:32
2026045,1,马,1,"20,38,22,13,42,27,01",水,红,2026-02-14 21:32:32
2026046,3,龙,3,"13,09,20,22,39,36,03",火,蓝,2026-02-15 21:32:32
2026047,3,龙,39,"40,35,23,42,46,47,39",水,绿,2026-02-16 21:32:32
2026048,12,羊,24,"08,38,29,32,46,16,24",木,红,2026-02-17 21:32:32
2026049,1,马,13,"28,42,22,49,12,31,13",水,红,2026-02-18 21:32:32
2026050,11,猴,23,"10,13,30,37,33,44,23",水,红,2026-02-19 21:32:32
2026051,1,马,1,"40,42,44,06,14,38,01",水,红,2026-02-20 21:32:32
2026052,2,蛇,38,"15,46,14,13,40,35,38",水,绿,2026-02-21 21:32:32
2026053,3,龙,15,"16,12,33,17,41,18,15",水,蓝,2026-02-22 21:32:32
2026054,12,羊,48,"37,30,11,19,49,32,48",火,蓝,2026-02-23 21:32:32
2026055,2,蛇,14,"31,28,20,21,39,09,14",火,蓝,2026-02-24 21:32:32
2026056,12,羊,48,"45,09,06,07,10,26,48",火,蓝,2026-02-25 21:32:32
2026057,11,猴,23,"21,29,40,30,26,34,23",水,红,2026-02-26 21:32:32
2026058,7,鼠,31,"20,38,13,21,33,40,31",水,蓝,2026-02-27 21:32:32
2026059,10,鸡,10,"29,19,24,43,28,12,10",火,蓝,2026-02-28 21:32:32
2026060,9,狗,9,"05,27,40,34,39,01,09",木,蓝,2026-03-01 21:32:32
2026061,5,虎,29,"46,17,08,25,02,37,29",土,红,2026-03-02 21:32:32
2026062,12,羊,24,"46,29,06,49,35,42,24",木,红,2026-03-03 21:32:32
2026063,4,兔,28,"36,26,37,02,44,31,28",土,绿,2026-03-04 21:32:32
2026064,6,牛,18,"08,23,40,44,34,02,18",火,红,2026-03-05 21:32:32
2026065,5,虎,5,"02,45,17,38,33,24,05",金,绿,2026-03-06 21:32:32
2026066,1,马,37,"24,20,36,44,02,28,37",土,蓝,2026-03-07 21:32:32
2026067,5,虎,5,"15,30,06,01,26,09,05",金,绿,2026-03-08 21:32:32
2026068,11,猴,23,"49,02,01,26,38,21,23",水,红,2026-03-09 21:32:32
2026069,12,羊,24,"23,16,10,34,08,36,24",木,红,2026-03-10 21:32:32
2026070,1,马,25,"47,17,23,10,41,07,25",木,蓝,2026-03-11 21:32:32
2026071,12,羊,48,"44,30,25,05,41,08,48",火,蓝,2026-03-12 21:32:32
2026072,10,鸡,46,"12,28,01,42,25,44,46",木,红,2026-03-13 21:32:32
2026073,10,鸡,34,"07,29,01,33,36,14,34",金,红,2026-03-14 21:32:32
2026074,10,鸡,10,"12,31,49,25,24,32,10",火,蓝,2026-03-15 21:32:32
2026075,9,狗,33,"19,22,26,20,41,27,33",火,绿,2026-03-16 21:32:32
2026076,2,蛇,2,"12,07,24,22,03,41,02",火,红,2026-03-17 21:32:32
2026077,5,虎,29,"37,32,46,25,39,30,29",土,红,2026-03-18 21:32:32
2026078,10,鸡,46,"18,17,10,33,02,08,46",木,红,2026-03-19 21:32:32
2026079,11,猴,35,"49,34,06,20,04,43,35",金,红,2026-03-20 21:32:32
2026080,3,龙,3,"21,18,17,48,09,42,03",火,蓝,2026-03-21 21:32:32
2026081,5,虎,17,"04,36,14,15,35,41,17",木,绿,2026-03-22 21:32:32
2026082,3,龙,27,"03,21,33,37,41,25,27",金,绿,2026-03-23 21:32:32
2026083,5,虎,5,"46,08,23,36,30,01,05",金,绿,2026-03-24 21:32:32
2026084,4,兔,16,"07,24,02,05,20,31,16",木,绿,2026-03-25 21:32:32
2026085,7,鼠,19,"14,13,27,33,06,20,19",火,红,2026-03-26 21:32:32
2026086,12,羊,12,"15,36,14,24,26,34,12",金,红,2026-03-27 21:32:32
2026087,2,蛇,26,"17,01,21,29,47,02,26",金,蓝,2026-03-28 21:32:32
2026088,3,龙,27,"16,46,18,10,12,42,27",金,绿,2026-03-29 21:32:32
2026089,1,马,49,"26,44,34,05,21,22,49",火,绿,2026-03-30 21:32:32
2026090,12,羊,36,"48,29,20,17,37,08,36",土,蓝,2026-03-31 21:32:32
2026091,1,马,37,"08,17,32,05,42,24,37",土,蓝,2026-04-01 21:32:32
2026092,6,牛,6,"46,42,25,47,38,19,06",土,绿,2026-04-02 21:32:32
